"location","lat","long","alt","year","bloom_date","bloom_doy","TmaxDaysAbove0","TmaxDaysAbove5","TmaxDaysAbove10","TmaxDaysAbove20","TmaxDaysAbove25","TminDaysAbove0","TminDaysAbove5","TminDaysAbove10","PrcpDays","TmaxDecAbove0","TmaxJanAbove0","TmaxFebAbove0","DecPrcpDays","JanPrcpDays","FebPrcpDays","TmaxDaysSub0","TmaxDaysSub5","TmaxDaysSub10","TmaxDaysSub20","TmaxDaysSub25","TminDaysSub0","TminDaysSub5","TminDaysSub8","TminDaysSub10","FirstTmaxSub7","FirstTminFreeze","FirstJanTmaxAbove4","FirstFebTmaxAbove5","FirstJanTminAboveNeg1","FirstFebTminAboveNeg2","MaxConsecTminSub0","MaxConsecTmaxSub0","MaxOctConsecTminSub0","MaxNovConsecTminSub0","MaxDecConsecTminSub0","MaxJanConsecTminAbove0","MaxFebConsecTminAbove0","MaxJanConsecTmaxAbove10","MaxFebConsecTmaxAbove10"
"washingtondc",38.8853496,-77.0386278,0,1954,"1954-04-06",284,198,198,198,195,194,140,140,133,51,17,19,17,5,4,6,4,4,4,7,8,56,62,69,69,109,67,125,154,126,155,6,3,0,4,3,2,4,7,28
"washingtondc",38.8853496,-77.0386278,0,1955,"1955-04-02",280,228,228,228,227,227,159,159,151,60,24,28,24,6,3,8,7,9,9,10,10,73,78,86,86,112,62,123,154,123,159,25,3,0,3,7,2,3,27,15
"washingtondc",38.8853496,-77.0386278,0,1956,"1956-04-06",285,236,236,235,230,227,153,153,144,59,28,28,28,4,8,13,2,5,6,11,14,81,88,97,97,111,67,123,154,127,156,16,1,0,3,15,3,4,14,29
"washingtondc",38.8853496,-77.0386278,0,1957,"1957-04-08",286,236,236,236,232,231,178,178,168,81,31,26,31,10,11,15,4,5,5,9,10,54,63,73,73,124,81,123,154,127,154,7,4,0,3,2,4,4,13,28
"washingtondc",38.8853496,-77.0386278,0,1958,"1958-04-18",296,232,232,231,222,219,156,156,150,56,30,29,30,6,6,6,7,10,11,20,23,77,86,92,92,103,72,123,154,137,160,16,3,0,3,4,2,2,26,10
"washingtondc",38.8853496,-77.0386278,0,1959,"1959-04-06",284,231,231,226,223,221,153,153,148,50,26,27,26,6,5,7,9,10,15,18,20,87,89,94,94,98,84,123,154,124,161,22,2,0,4,22,3,3,13,17
"washingtondc",38.8853496,-77.0386278,0,1960,"1960-04-14",293,239,239,235,225,224,151,151,140,63,31,31,31,13,9,7,4,4,8,18,19,82,92,103,103,144,69,123,154,126,154,16,2,0,3,6,5,4,21,15
"washingtondc",38.8853496,-77.0386278,0,1961,"1961-04-02",280,225,225,224,219,215,155,155,137,63,27,20,27,4,5,9,14,17,18,23,27,83,87,105,105,104,57,123,154,130,163,22,6,1,3,18,1,11,19,25
"washingtondc",38.8853496,-77.0386278,0,1962,"1962-04-07",285,233,233,232,225,224,157,157,147,60,31,27,31,8,7,12,8,9,10,17,18,76,85,95,95,107,72,123,154,126,168,18,3,0,1,10,4,3,12,16
"washingtondc",38.8853496,-77.0386278,0,1963,"1963-04-03",281,226,226,224,217,213,147,147,133,62,23,27,23,6,7,8,13,16,18,25,29,92,95,109,109,101,68,124,154,133,164,21,4,0,2,11,3,2,23,11
"washingtondc",38.8853496,-77.0386278,0,1964,"1964-04-11",290,232,232,231,230,227,149,149,142,61,23,28,23,8,7,7,9,11,12,13,16,89,94,101,101,107,65,123,154,125,154,21,3,0,1,19,3,2,16,29
"washingtondc",38.8853496,-77.0386278,0,1965,"1965-04-15",293,235,235,231,229,228,154,154,145,55,31,25,31,8,8,6,6,7,11,13,14,80,88,97,97,111,43,123,154,123,159,13,3,2,4,6,2,7,14,15
"washingtondc",38.8853496,-77.0386278,0,1966,"1966-04-05",283,234,234,233,228,221,155,155,145,51,30,24,30,4,6,5,5,7,8,13,20,82,86,96,96,134,59,123,154,123,163,17,3,2,2,5,3,7,12,26
"washingtondc",38.8853496,-77.0386278,0,1967,"1967-04-06",284,236,236,234,227,225,149,149,140,61,29,30,29,9,4,7,4,6,8,15,17,89,93,102,102,95,61,123,154,126,155,16,1,1,5,13,6,2,18,8
"washingtondc",38.8853496,-77.0386278,0,1968,"1968-03-30",278,234,234,234,228,224,144,144,136,57,31,24,31,12,7,5,8,9,9,15,19,94,99,107,107,124,67,123,154,145,154,24,2,0,5,6,2,3,12,16
"washingtondc",38.8853496,-77.0386278,0,1969,"1969-04-09",287,238,238,232,226,221,156,156,145,62,29,29,29,8,9,8,3,4,10,16,21,78,86,97,97,103,62,123,154,131,154,10,2,1,1,7,4,3,15,14
"washingtondc",38.8853496,-77.0386278,0,1970,"1970-04-16",294,230,230,230,225,223,142,142,132,66,29,22,29,9,8,8,11,12,12,17,19,93,100,110,110,115,54,123,154,140,154,17,5,1,4,7,2,3,8,24
"washingtondc",38.8853496,-77.0386278,0,1971,"1971-04-08",286,229,229,228,223,220,153,153,144,66,31,23,31,13,7,12,9,13,14,19,22,81,89,98,98,129,78,123,158,127,161,16,4,0,6,7,1,11,7,18
"washingtondc",38.8853496,-77.0386278,0,1972,"1972-04-11",290,240,240,238,236,235,162,162,156,66,31,30,31,6,14,11,3,3,5,7,8,75,81,87,87,94,66,123,154,130,155,10,1,0,2,5,5,2,15,11
"washingtondc",38.8853496,-77.0386278,0,1973,"1973-04-11",289,234,234,233,232,230,155,155,152,78,30,28,30,14,6,6,8,8,9,10,12,77,82,85,85,109,51,123,154,123,156,13,3,2,5,3,2,6,20,10
"washingtondc",38.8853496,-77.0386278,0,1974,"1974-04-03",281,236,236,234,229,224,164,164,158,74,28,30,28,11,15,7,4,6,8,13,18,70,78,84,84,108,69,123,154,123,154,11,2,0,4,8,12,2,17,18
"washingtondc",38.8853496,-77.0386278,0,1975,"1975-04-03",281,234,234,233,227,225,137,137,133,82,31,29,31,10,13,12,2,2,3,9,11,89,103,107,107,137,34,123,154,124,160,9,1,4,3,5,4,3,14,15
"washingtondc",38.8853496,-77.0386278,0,1976,"1976-03-23",271,231,231,231,227,223,156,156,150,67,30,23,30,10,14,6,9,9,9,13,17,82,86,92,92,111,62,123,154,123,164,18,3,0,3,10,1,5,8,22
"washingtondc",38.8853496,-77.0386278,0,1977,"1977-03-26",273,214,214,210,201,199,130,130,122,64,25,13,25,7,5,3,24,27,31,40,42,106,112,120,120,93,50,125,154,126.5,158,46,4,3,6,11,0,2,5,10
"washingtondc",38.8853496,-77.0386278,0,1978,"1978-04-12",290,217,217,212,201,198,142,142,138,85,25,24,25,13,10,4,21,24,29,40,43,90,97,101,101,99,48,123,162,130,167.5,44,8,1,2,6,1,0,7,11
"washingtondc",38.8853496,-77.0386278,0,1979,"1979-04-02",280,222,222,219,213,209,143,143,136,81,31,25,31,10,15,12,17,19,22,28,32,82,98,105,105,126,81,123,154,123,177,25,7,0,2,9,2,4,11,9
"washingtondc",38.8853496,-77.0386278,0,1980,"1980-04-06",285,196,196,196,192,190,132,132,126,61,29,27,29,5,8,7,9,13,13,17,19,73,77,83,83,109,66,123,158,131,169,23,4,0,2,8,3,1,18,10
"washingtondc",38.8853496,-77.0386278,0,1981,"1981-04-03",281,224,224,222,217,215,140,140,136,60,26,22,26,5,5,11,9,13,15,20,22,94,101,105,105,115,65,123,154,142,171,20,6,0,8,15,3,10,12,22
"washingtondc",38.8853496,-77.0386278,0,1982,"1982-04-07",285,217,217,217,212,210,135,135,127,71,29,16,29,9,11,12,15,17,17,22,24,94,99,107,107,111,50,123,154,126,154,24,6,2,5,8,1,2,10,28
"washingtondc",38.8853496,-77.0386278,0,1983,"1983-04-07",285,238,238,237,235,233,154,154,149,65,30,29,30,13,7,4,3,4,5,7,9,78,88,93,93,104,48,123,154,124,156,12,2,2,4,8,4,4,18,21
"washingtondc",38.8853496,-77.0386278,0,1984,"1984-04-03",282,228,228,227,223,219,149,149,141,81,26,21,26,10,7,14,12,15,16,20,24,91,94,102,102,112,60,124,154,127,156,26,4,2,2,15,3,9,10,29
"washingtondc",38.8853496,-77.0386278,0,1985,"1985-04-07",285,230,230,226,218,216,138,138,133,55,30,25,30,6,9,8,9,10,14,22,24,96,102,107,107,100,70,123,154,123,176,42,2,0,9,6,2,5,9,10
"washingtondc",38.8853496,-77.0386278,0,1986,"1986-04-02",280,222,222,222,216,215,137,137,134,77,26,24,26,8,11,14,12,16,16,22,23,92,99,102,102,107,59,123,154,123,158,17,3,1,1,11,2,2,11,8
"washingtondc",38.8853496,-77.0386278,0,1987,"1987-03-28",275,236,236,236,234,234,123,123,119,74,31,27,31,11,12,1,3,6,6,8,8,112,119,123,123,147,49,123,154,130,157,25,3,3,7,7,1,1,24,15
"washingtondc",38.8853496,-77.0386278,0,1988,"1988-03-31",279,230,230,228,222,219,132,132,126,64,29,23,29,10,5,7,5,8,10,16,19,98,106,112,112,83,44,123,154,143,154,12,2,2,4,7,2,4,15,13
"washingtondc",38.8853496,-77.0386278,0,1989,"1989-03-29",276,206,206,202,200,198,97,97,87,70,26,30,26,6,11,12,5,6,10,12,14,80,88,98,98,102,38,123,177,131,154.5,13,3,5,5,13,2,0,16,3
"washingtondc",38.8853496,-77.0386278,0,1990,"1990-03-15",262,198,198,197,191,188,119,119,115,70,19,31,19,5,9,9,12,13,14,20,23,82,92,96,96,100,38,123,154,123,155,18,4,4,4,18,5,4,31,25
"washingtondc",38.8853496,-77.0386278,0,1991,"1991-03-29",276,240,240,238,232,232,158,158,151,83,31,30,31,13,10,8,1,1,3,9,9,72,83,90,90,119,57,123,154,129,159,8,1,2,3,5,2,6,22,28
"washingtondc",38.8853496,-77.0386278,0,1992,"1992-04-07",286,239,239,239,233,233,164,164,155,70,30,29,30,12,9,8,3,4,4,10,10,68,78,87,87,108,66,123,154,123,158,10,1,0,3,8,5,8,16,15
"washingtondc",38.8853496,-77.0386278,0,1993,"1993-04-11",289,231,231,230,226,224,158,158,151,89,31,30,31,14,8,8,6,8,9,13,15,77,82,89,89,133,51,123,154,123,154,13,2,2,3,7,5,2,20,10
"washingtondc",38.8853496,-77.0386278,0,1994,"1994-04-05",283,218,218,217,206,202,135,135,129,83,24,23,24,7,14,6,12,14,15,26,30,91,96,102,102,118,63,123,154,124,172,17,4,0,6,5,1,5,9,9
"washingtondc",38.8853496,-77.0386278,0,1995,"1995-04-02",280,234,234,233,231,229,158,158,147,62,30,30,30,7,10,7,3,6,7,9,11,70,73,84,84,104,72,123,154,124,173,24,2,0,3,6,5,2,26,18
"washingtondc",38.8853496,-77.0386278,0,1996,"1996-04-04",283,101,101,98,95,91,57,57,56,47,30,24,30,9.5,14,10,17,18,21,24,28,56,62,63,63,127,123,123,154,124,162,20,6,0,3.5,5,2,8,9,11
"washingtondc",38.8853496,-77.0386278,0,1997,"1997-03-26",273,228,228,224,222,220,150,150,147,82,30,22,30,12,8,6,7,9,13,15,17,68,87,90,90,77,66,123,154,125,154,15,3,0,4,4,5,5,9,16
"washingtondc",38.8853496,-77.0386278,0,1998,"1998-03-27",274,230,230,230,230,228,155,155,150,83,29,31,29,8,13,10,0,1,1,1,3,67,77,82,82,193,53,123,154,125,157,10,0,2,5,10,8,9,31,15
"washingtondc",38.8853496,-77.0386278,0,1999,"1999-04-05",283,231,231,226,224,223,148,148,144,58,30,28,30,7,8,7,4,6,11,13,14,76,89,93,93,115,66,125,154,135,156,14,1,0,2,6,3,4,16,22
"washingtondc",38.8853496,-77.0386278,0,2000,"2000-03-17",265,231,231,230,228,227,160,160,147,73,30,21,30,8,10,5,9,12,13,15,16,78,83,96,96,116,65,123,154,124,168,34,3,0,3,9,4,6,14,16
"washingtondc",38.8853496,-77.0386278,0,2001,"2001-04-06",284,234,234,232,224,221,126,126,120,64,24,31,24,8,7,9,6,6,8,16,19,105,114,120,120,113,61,123,154,138,154,29,2,1,6,14,1,4,11,22
"washingtondc",38.8853496,-77.0386278,0,2003,"2003-04-02",280,136,136,132,126,123,65,65,63,60,29,23,29,10,9,15,12,15,19,25,28,82,84,86,86,95,92,123,154,123,154,21,3,0.5,4.5,11,4,2,9,15
"washingtondc",38.8853496,-77.0386278,0,2004,"2004-03-31",279,228,228,228,223,222,152,152,149,79,31,17,31,10,8,4,13,15,15,20,21,88,90,93,93,130,70,123,155,124,160,31,5,0,3,8,5,3,7,28
"washingtondc",38.8853496,-77.0386278,0,2005,"2005-04-09",287,231,231,229,226,223,168,168,160,86,29,23,29,7,14,8,9,10,12,15,18,71,73,81,81,113,72,123,154,123,157,20,4,0,2,16,9,3,17,23
"washingtondc",38.8853496,-77.0386278,0,2006,"2006-03-30",277,227,227,227,225,224,157,157,152,49,29,25,29,7,5,4,1,2,2,4,5,67,72,77,77,105,79,123,155,123,156,20,1,0,3,20,4,3,13,18
"washingtondc",38.8853496,-77.0386278,0,2007,"2007-04-01",279,227,227,225,214,211,159,159,153,71,29,28,29,6,9,9,8,10,12,23,26,74,77,83,83,144,65,123,154,123,155,18,4,0,2,7,4,2,13,6
"washingtondc",38.8853496,-77.0386278,0,2008,"2008-03-26",274,235,235,234,229,226,163,163,157,74,30,28,30,12,7,13,5,6,7,12,15,71,78,84,84,97,69,123,154,123,158,16,2,0,2,4,6,3,16,16
"washingtondc",38.8853496,-77.0386278,0,2009,"2009-04-01",279,225,225,224,221,217,157,157,151,62,29,25,29,9,7,4,8,10,11,14,18,78,82,88,88,115,81,123,154,128,155,21,3,0,4,4,3,4,14,16
"washingtondc",38.8853496,-77.0386278,0,2010,"2010-03-31",278,227,227,224,217,215,159,159,157,77,29,25,29,10,8,3,7,9,12,19,21,72,78,80,80,111,68,123,154,142,172,24,2,0,1,9,2,3,18,17
"washingtondc",38.8853496,-77.0386278,0,2011,"2011-03-29",276,223,223,219,216,210,138,138,132,62,28,25,28,6,7,6,5,6,10,13,19,90,90,96,96,106,73,123,154,142,167,36,2,0,1,30,1,3,6,26
"washingtondc",38.8853496,-77.0386278,0,2012,"2012-03-20",268,230,230,228,225,225,168,168,158,73,29,31,29,6,9,9,0,0,2,5,5,57,62,72,72,126,61,123,154,123,154,5,0,1,1,5,4,4,27,16
"washingtondc",38.8853496,-77.0386278,0,2013,"2013-04-09",287,226,226,225,222,221,155,155,144,72,31,27,31,12,9,10,5,6,7,10,11,64,77,88,88,145,68,123,154,133,165,11,4,0,2,4,8,2,22,25
"washingtondc",38.8853496,-77.0386278,0,2014,"2014-04-10",288,216,216,212,205,203,138,138,133,65,26,20,26,8,8,9,11,13,17,24,26,87,91,96,96,86,70,124,157,128,174,10,3,0,3,4,2,1,9,9
"washingtondc",38.8853496,-77.0386278,0,2015,"2015-04-10",288,226,226,224,217,213,150,150,143,83,31,26,31,11,15,6,11,11,13,20,24,77,87,94,94,80,76,123,154,127,158,9,3,0,3,3,3,1,16,13
"washingtondc",38.8853496,-77.0386278,0,2016,"2016-03-25",273,232,232,232,228,228,184,184,177,81,29,26,29,15,5,12,8,9,9,13,13,51,57,64,64,136,82,123,154,123,154,12,3,0,1,3,3,5,13,14
"washingtondc",38.8853496,-77.0386278,0,2017,"2017-03-25",272,233,233,233,232,229,175,175,171,67,29,28,29,9,14,3,5,6,6,7,10,57,64,68,68,108,75,123,154,124,155,10,3,0,2,10,17,8,21,16
"washingtondc",38.8853496,-77.0386278,0,2018,"2018-04-05",283,221,221,221,217,214,155,155,149,72,26,21,26,7,9,11,10,13,13,17,20,67,80,86,86,107,72,126,154,134,158,9,4,0,2,6,3,9,13,25
"washingtondc",38.8853496,-77.0386278,0,2019,"2019-04-01",279,231,231,230,227,225,156,156,153,96,31,29,31,10,10,9,4,4,5,8,10,70,82,85,85,136,72,123,156,123,159,11,2,0,4,6,3,3,13,18
"washingtondc",38.8853496,-77.0386278,0,2020,"2020-03-20",268,240,240,240,240,239,186,186,178,85,29,30,29,13,8,16,0,0,0,0,1,52,54,62,62,145,70,123,154,123,155,8,0,0,3,7,5,6,15,29
"washingtondc",38.8853496,-77.0386278,0,2021,"2021-03-28",275,225,225,223,221,220,158,158,153,84,27,31,27,7,7,14,3,4,6,8,9,67,76,81,81,154,81,123,155,123,160,10,2,0,1,4,3,4,31,10
"liestal",47.4814,7.730519,350,1954,"1954-04-26",304,220,217,215,212,207,172,153,132,76,30,15,30,9,14,8,21,24,26,30,34,62,85,100,103,122,74,132,161,133,163,18,9,0,5,3,7,4,14,10
"liestal",47.4814,7.730519,350,1955,"1955-04-26",304,233,231,228,221,216,161,154,145,106,31,24,31,15,14,18,8,10,14,19,24,74,86,92,95,124,77,123,154,134,154,12,4,0,3,2,4,4,11,13
"liestal",47.4814,7.730519,350,1956,"1956-04-27",306,217,214,209,208,206,156,149,139,110,31,31,31,22,20,15,26,29,33,35,37,87,91,98,102,81,59,123,159,123,154,31,9,3,6,4,6,0,17,2
"liestal",47.4814,7.730519,350,1957,"1957-03-25",272,227,223,218,212,208,176,165,158,100,27,23,27,14,14,16,15,17,22,27,33,65,74,78,82,84,80,123,154,126,154,17,8,0,6,9,4,18,14,28
"liestal",47.4814,7.730519,350,1958,"1958-04-25",303,238,235,229,215,208,162,149,141,86,30,29,30,9,14,16,4,5,11,22,32,73,87,95,96,109,86,123,154,123,159,13,1,0,2,13,14,12,21,24
"liestal",47.4814,7.730519,350,1959,"1959-04-02",280,235,230,226,217,215,182,174,166,91,26,29,26,13,14,1,6,10,15,23,26,56,64,71,71,94,54,123,154,123,163,16,2,1,0,9,4,3,10,25
"liestal",47.4814,7.730519,350,1960,"1960-04-03",282,232,230,229,226,218,202,190,178,95,31,22,31,17,14,17,11,12,14,17,22,38,51,58,60,103,71,123,154,123,155,15,9,0,1,3,10,9,12,20
"liestal",47.4814,7.730519,350,1961,"1961-03-20",267,235,233,226,215,213,188,176,169,120,28,27,28,11,17,12,4,9,11,24,28,49,61,71,72,106,71,123,154,123,154,9,2,0,1,7,3,10,12,28
"liestal",47.4814,7.730519,350,1962,"1962-04-25",303,230,227,221,210,204,165,157,154,106,23,28,23,14,15,13,10,14,17,29,37,71,83,88,88,107,67,123,155,123,158,14,4,0,5,13,11,3,24,13
"liestal",47.4814,7.730519,350,1963,"1963-04-24",302,195,192,189,175,169,139,134,128,96,18,10,18,15,15,10,47,49,52,63,69,97,107,111,113,85,76,123,161,127,165,35,18,0,8,10,3,1,9,10
"liestal",47.4814,7.730519,350,1964,"1964-04-16",295,218,213,211,197,191,165,160,148,84,18,20,18,2,3,14,23,29,30,44,47,74,82,85,89,104,59,123,154,137,154,36,12,1,0,22,1,7,5,29
"liestal",47.4814,7.730519,350,1965,"1965-04-12",290,231,229,222,202,194,165,154,138,115,27,30,27,10,20,11,11,12,15,34,43,68,82,93,97,96,56,123,154,124,159,14,4,1,2,9,7,1,13,8
"liestal",47.4814,7.730519,350,1966,"1966-04-08",286,229,228,226,224,221,194,188,180,135,31,19,31,23,11,19,13,14,14,17,21,45,50,57,59,77,75,123,154,123,154,18,12,0,4,2,9,28,10,28
"liestal",47.4814,7.730519,350,1967,"1967-04-04",282,235,234,232,222,217,177,162,148,101,31,25,31,23,13,10,5,7,10,18,22,55,76,83,86,126,62,123,154,123,154,12,5,0,2,3,10,5,20,15
"liestal",47.4814,7.730519,350,1968,"1968-04-12",291,230,226,224,214,212,149,139,131,115,24,25,24,14,20,18,11,16,19,27,29,90,97,105,105,99,67,123,154,128,155,16,6,0,3,16,3,5,9,29
"liestal",47.4814,7.730519,350,1969,"1969-04-23",301,222,218,211,200,197,140,133,121,107,23,27,23,14,12,15,16,22,26,38,42,85,108,111,113,79,77,124,154,137,154,21,3,0,7,10,4,5,20,10
"liestal",47.4814,7.730519,350,1970,"1970-04-24",302,216,209,203,194,186,142,131,124,113,15,25,15,11,10,21,21,29,36,44,53,89,108,112,112,88,61,125,155,127,156,18,8,1,5,11,4,9,9,12
"liestal",47.4814,7.730519,350,1971,"1971-04-17",295,218,215,211,200,195,161,146,136,85,23,20,23,11,9,13,22,24,27,35,44,73,89,97,99,114,99,131,154,142,154,35,9,0,0,16,5,3,13,24
"liestal",47.4814,7.730519,350,1972,"1972-04-06",285,239,237,235,224,216,197,185,170,75,31,28,31,7,9,8,3,4,7,17,25,40,51,62,67,109,81,123,155,123,155,6,2,0,5,6,7,19,16,28
"liestal",47.4814,7.730519,350,1973,"1973-04-29",307,227,221,217,208,199,140,132,115,97,23,24,23,7,12,16,13,18,24,32,38,92,107,114,116,89,32,124,154,137,154,32,3,2,5,18,2,2,11,28
"liestal",47.4814,7.730519,350,1974,"1974-04-02",280,238,236,234,226,224,190,177,166,114,27,31,27,18,18,17,4,5,7,12,18,38,59,66,70,89,55,123,154,124,154,9,3,1,5,4,19,14,31,28
"liestal",47.4814,7.730519,350,1975,"1975-04-18",296,242,241,240,237,236,195,182,168,143,31,31,31,21,19,3,0,0,2,5,5,37,57,66,67,200,70,123,154,123,154,6,0,0,1,4,12,4,31,28
"liestal",47.4814,7.730519,350,1976,"1976-04-11",290,231,229,224,213,207,170,151,142,91,28,26,28,3,21,8,11,13,16,29,35,65,86,94,96,85,82,123,156,124,160,14,7,0,6,9,4,5,26,13
"liestal",47.4814,7.730519,350,1977,"1977-03-21",268,232,230,225,218,209,189,175,162,149,23,29,23,17,21,23,10,11,16,22,30,50,60,71,76,107,89,123,154,123,157,13,5,0,1,13,8,23,12,28
"liestal",47.4814,7.730519,350,1978,"1978-04-18",296,233,228,225,211,206,181,176,162,135,29,29,29,17,20,20,9,12,17,30,34,59,64,72,78,91,81,123,154,123,155,14,3,0,4,6,4,7,14,8
"liestal",47.4814,7.730519,350,1979,"1979-04-15",293,222,219,211,205,201,176,166,157,134,23,20,23,20,22,19,19,23,26,37,41,64,71,80,80,90,79,123,154,131,155,12,6,0,4,8,1,13,6,16
"liestal",47.4814,7.730519,350,1980,"1980-04-13",292,234,231,230,224,220,195,185,165,127,31,22,31,21,14,13,9,10,12,19,23,47,55,63,72,124,72,123,154,127,154,12,9,0,3,2,5,12,11,27
"liestal",47.4814,7.730519,350,1981,"1981-04-02",280,225,222,214,199,195,152,144,134,113,24,21,24,17,19,10,14,18,27,42,43,84,95,101,107,76,64,123,154,124,157,18,4,0,5,7,3,5,7,19
"liestal",47.4814,7.730519,350,1982,"1982-04-18",296,234,228,224,219,211,176,160,144,143,28,26,28,28,18,12,8,10,17,21,27,62,76,86,92,110,68,123,154,123,154,16,2,0,5,7,5,8,10,22
"liestal",47.4814,7.730519,350,1983,"1983-04-11",289,242,238,236,228,222,193,184,176,134,31,31,31,18,20,16,0,2,5,12,17,48,54,60,63,164,82,123,154,125,154,18,0,0,1,4,6,4,31,12
"liestal",47.4814,7.730519,350,1984,"1984-04-19",298,236,234,230,214,209,157,149,136,118,26,30,26,16,27,18,3,8,12,26,33,84,91,98,102,94,53,123,154,126,154,17,1,2,11,9,5,9,10,15
"liestal",47.4814,7.730519,350,1985,"1985-04-16",294,220,220,217,209,205,180,173,162,124,30,15,30,15,22,9,21,22,23,30,35,60,67,74,76,123,94,123,154,142,154,22,16,0,0,3,4,9,13,10
"liestal",47.4814,7.730519,350,1986,"1986-05-01",309,214,211,203,191,182,155,150,138,116,29,28,29,11,25,12,25,30,34,48,57,86,92,97,99,78,72,124,154,125,156,29,8,0,19,4,6,2,23,5
"liestal",47.4814,7.730519,350,1987,"1987-04-22",300,218,215,210,204,199,164,154,145,122,28,14,28,21,15,20,22,26,31,36,43,74,86,90,92,91,65,123,156,123,157,28,13,0,3,6,2,12,6,15
"liestal",47.4814,7.730519,350,1988,"1988-04-17",296,241,241,240,235,232,208,201,186,134,29,31,29,12,20,19,2,2,3,7,9,32,41,42,45,100,87,123,154,123,154,7,2,0,1,7,9,12,31,29
"liestal",47.4814,7.730519,350,1989,"1989-03-28",275,240,240,237,235,232,200,194,181,113,31,31,31,19,9,17,2,2,3,6,9,36,46,51,53,84,63,123,154,123,159,12,2,0,7,3,11,13,29,28
"liestal",47.4814,7.730519,350,1990,"1990-03-16",263,239,230,225,219,214,190,186,175,103,29,30,29,12,12,15,2,12,14,23,27,50,54,57,62,86,71,124,154,128,154,20,1,0,8,12,8,18,17,28
"liestal",47.4814,7.730519,350,1991,"1991-04-04",282,225,222,218,201,198,175,169,160,116,28,26,28,20,12,16,15,20,20,35,42,64,73,75,77,98,67,123,155,123,175,30,4,0,3,9,13,5,15,14
"liestal",47.4814,7.730519,350,1992,"1992-04-11",290,233,232,227,223,219,180,167,149,109,25,27,25,11,7,13,10,11,15,18,23,55,71,82,85,101,53,123,154,127,157,14,6,1,2,13,6,3,21,16
"liestal",47.4814,7.730519,350,1993,"1993-04-11",289,231,230,228,223,218,185,178,174,114,27,27,27,13,13,8,9,12,13,15,21,51,60,65,66,119,76,127,154,129,154,13,7,0,1,7,10,7,27,15
"liestal",47.4814,7.730519,350,1994,"1994-03-23",270,233,231,228,223,221,201,197,188,147,31,29,31,25,19,17,7,9,11,17,20,39,43,46,46,80,79,123,154,123,155,14,2,0,13,3,14,10,18,14
"liestal",47.4814,7.730519,350,1995,"1995-04-03",281,236,234,233,227,226,206,200,189,136,31,25,31,19,22,20,6,7,9,14,15,33,41,46,49,115,106,123,154,123,155,9,5,0,0,3,9,26,14,28
"liestal",47.4814,7.730519,350,1996,"1996-04-18",297,238,231,222,208,202,165,158,143,93,28,31,28,17,4,17,4,7,14,29,38,75,83,92,96,97,65,123,154,123,156,13,2,0,4,13,6,4,18,11
"liestal",47.4814,7.730519,350,1997,"1997-03-22",269,222,216,216,212,206,183,172,162,121,24,18,24,17,11,16,19,24,26,30,34,54,68,74,75,102,84,131,154,141,155,26,15,0,4,8,9,12,14,25
"liestal",47.4814,7.730519,350,1998,"1998-03-31",278,241,241,239,236,229,182,178,168,110,31,30,31,22,14,6,1,1,2,5,11,55,62,69,70,149,55,123,154,123,167,21,1,4,4,6,11,10,23,28
"liestal",47.4814,7.730519,350,1999,"1999-04-04",282,232,229,226,219,215,179,166,152,148,29,29,29,13,13,22,8,11,13,21,26,62,69,79,84,83,67,123,155,125,157,10,3,0,10,9,4,7,17,14
"liestal",47.4814,7.730519,350,2000,"2000-04-01",280,239,237,236,225,224,193,183,173,124,30,28,30,25,12,20,4,6,6,13,19,43,55,61,63,82,81,123,154,123,154,6,3,0,4,4,8,13,24,29
"liestal",47.4814,7.730519,350,2001,"2001-03-30",277,242,242,241,239,238,208,199,196,146,31,31,31,18,20,13,0,0,0,3,3,32,36,43,44,93.5,110,123,154,124,156,6,0,0,0,3,7,7,16,28
"liestal",47.4814,7.730519,350,2002,"2002-03-18",265,233,231,226,219,218,180,175,163,112,28,25,28,16,9,19,9,11,13,23,24,57,64,72,76,105,71,123,154,139,154,18,4,0,3,9,8,15,16,28
"liestal",47.4814,7.730519,350,2003,"2003-04-02",280,225,224,223,218,216,180,174,170,130,29,22,29,21,20,6,14,17,18,22,26,59,64,68,68,101,100,123,155,123,156,17,7,0,0,5,5,1,17,10
"liestal",47.4814,7.730519,350,2004,"2004-04-01",280,241,240,239,226,221,175,165,158,106,31,29,31,10,22,9,2,3,3,12,20,65,73,80,82,125,55,123,154,123,154,18,2,4,1,5,12,3,27,18
"liestal",47.4814,7.730519,350,2005,"2005-04-05",283,231,229,225,208,201,162,156,146,125,29,25,29,14,16,15,11,12,16,30,41,78,85,90,94,113,76,123,154,123,164,23,6,0,3,6,3,3,24,18
"liestal",47.4814,7.730519,350,2006,"2006-04-21",299,224,215,212,203,198,147,136,129,111,28,18,28,19,8,15,17,26,29,38,42,91,98,109,112,88,79,123,154,123,160,17,5,0,10,8,4,11,6,13
"liestal",47.4814,7.730519,350,2007,"2007-04-04",282,239,239,238,236,233,204,190,185,107,31,28,31,13,20,15,3,3,4,5,9,34,49,53,56,146,63,123,154,123,154,9,3,0,5,5,15,8,23,28
"liestal",47.4814,7.730519,350,2008,"2008-03-29",277,235,233,231,226,224,167,162,153,118,24,30,24,14,17,10,7,9,11,17,19,73,80,85,88,109,50,123,154,127,154,22,3,1,5,18,13,9,29,29
"liestal",47.4814,7.730519,350,2009,"2009-04-10",288,230,224,220,209,204,160,149,139,104,30,21,30,16,6,16,12,17,21,31,37,80,93,97,102,90,77,123,155,141,159,24,10,0,7,6,2,4,16,27
"liestal",47.4814,7.730519,350,2010,"2010-04-08",286,221,216,212,205,200,180,170,161,134,25,22,25,23,18,24,21,24,29,35,40,62,72,74,78,106,45,123,154,123,156,12,6,1,0,9,4,7,7,13
"liestal",47.4814,7.730519,350,2011,"2011-03-31",278,228,224,223,210,208,178,169,160,100,22,28,22,23,15,8,13,16,19,32,34,62,72,76,79,88,51,123,156,123,157,10,3,2,5,7,10,10,17,26
"liestal",47.4814,7.730519,350,2012,"2012-04-02",281,230,229,229,226,226,194,185,173,108,31,31,31,25,22,8,13,14,14,16,17,47,54,64,66,153,86,123,167,123,168,16,13,0,1,5,10,3,30,16
"liestal",47.4814,7.730519,350,2013,"2013-04-17",295,233,227,222,215,208,179,164,153,134,30,28,30,23,19,19,9,15,20,27,33,60,71,82,87,99,92,123,154,123,154,14,3,0,1,4,9,3,13,9
"liestal",47.4814,7.730519,350,2014,"2014-03-25",272,242,242,240,239,238,205,195,179,119,31,31,31,11,19,18,0,0,2,3,3,37,46,55,59,112,72,123,154,124,154,8,0,0,5,8,8,28,31,28
"liestal",47.4814,7.730519,350,2017,"2017-03-26",273,229,227,225,218,213,164,151,147,98,31,18,31,6,15,17,13,14,16,23,29,77,88,92,94,125,65,123,154,134,154,18,11,0,2,10,1,8,6,28
"liestal",47.4814,7.730519,350,2018,"2018-04-08",286,237,235,233,227,224,177,168,156,129,31,31,31,23,17,10,5,6,9,14,18,62,71,82,84,176,60,123,154,123,154,11,5,2,4,4,16,5,31,21
"liestal",47.4814,7.730519,350,2019,"2019-03-27",274,241,240,239,232,228,175,160,146,102,31,30,31,20,18,7,0,2,3,10,13,67,78,86,92,143,78,123,154,123,154,13,0,0,6,6,4,3,20,28
"liestal",47.4814,7.730519,350,2020,"2020-03-17",265,243,243,243,241,238,182,175,163,107,31,31,31,17,11,17,0,0,0,2,3,60,67,73,77,138,71,123,154,125,154,8,0,0,2,5,5,7,31,29
"liestal",47.4814,7.730519,350,2021,"2021-03-28",275,236,236,233,228,225,174,163,152,107,31,29,31,21,18,10,5,6,8,14,16,66,74,82,89,133,82,123,154,123,154,7,4,0,5,3,4,12,10,14
"kyoto",35.0119831,135.6761135,44,1954,"1954-04-08",286,242,242,242,242,242,200,194,191,102,31,31,31,12,18,12,0,0,0,0,0,41,47,50,51,179,90,123,154,125,154,7,0,0,2,2,16,3,31,28
"kyoto",35.0119831,135.6761135,44,1955,"1955-04-07",285,242,242,242,242,242,199,193,181,102,31,31,31,16,17,8,0,0,0,0,0,42,47,54,58,179,97,123,154,124,156,6,0,0,0,3,2,6,31,28
"kyoto",35.0119831,135.6761135,44,1956,"1956-04-08",287,243,243,243,243,243,185,181,172,104,31,31,31,11,13,16,0,0,0,0,0,56,62,66,71,179,101,123,154,124,154,11,0,0,0,3,5,2,31,29
"kyoto",35.0119831,135.6761135,44,1957,"1957-04-13",291,242,242,242,242,242,174,166,157,106,31,31,31,6,15,13,0,0,0,0,0,67,74,80,83,179,93,123,154,123,157,10,0,0,0,10,5,7,31,28
"kyoto",35.0119831,135.6761135,44,1958,"1958-04-09",287,242,242,242,242,242,199,192,183,99,31,31,31,11,14,12,0,0,0,0,0,43,46,55,59,179,114,123,154,124,155,10,0,0,0,1,4,6,31,28
"kyoto",35.0119831,135.6761135,44,1959,"1959-04-02",280,242,242,242,242,242,211,207,197,113,31,31,31,15,10,15,0,0,0,0,0,30,34,42,43,179,105,123,154,123,154,10,0,0,0,1,7,14,31,28
"kyoto",35.0119831,135.6761135,44,1960,"1960-04-04",283,243,243,243,243,242,196,183,174,97,31,31,31,11,8,11,0,0,0,0,1,44,58,64,68,179,109,123,154,123,154,6,0,0,0,3,3,4,31,29
"kyoto",35.0119831,135.6761135,44,1961,"1961-04-09",287,242,242,242,242,242,188,178,168,101,31,31,31,9,15,12,0,0,0,0,0,53,63,70,71,179,90,123,154,126,159,13,0,0,1,5,3,5,31,28
"kyoto",35.0119831,135.6761135,44,1962,"1962-04-12",290,242,242,242,242,242,185,178,168,102,31,31,31,11,15,12,0,0,0,0,0,53,63,66,72,179,99,123,154,124,159,14,0,0,0,4,2,5,31,28
"kyoto",35.0119831,135.6761135,44,1963,"1963-04-11",289,242,242,242,242,240,183,167,149,93,31,31,31,12,11,16,0,0,0,0,1,59,72,80,87,179,105,123,154,126,160,26,0,0,0,1,1,2,31,28
"kyoto",35.0119831,135.6761135,44,1964,"1964-04-08",287,243,243,243,243,243,203,189,173,111,31,31,31,13,15,19,0,0,0,0,0,40,52,63,68,179,93,123,154,123,154,13,0,0,0,3,7,5,31,29
"kyoto",35.0119831,135.6761135,44,1965,"1965-04-20",298,242,242,242,242,242,171,160,154,109,31,31,31,8,15,9,0,0,0,0,0,70,80,85,87,179,95,123,154,123,154,15,0,0,0,3,2,3,31,28
"kyoto",35.0119831,135.6761135,44,1966,"1966-04-07",285,242,242,242,242,242,199,191,177,108,31,31,31,14,10,12,0,0,0,0,0,41,49,54,65,179,93,123,154,126,155,7,0,0,0,3,5,6,31,28
"kyoto",35.0119831,135.6761135,44,1967,"1967-04-07",285,242,242,242,241,241,174,165,155,104,31,31,31,10,14,10,0,0,0,0,1,67,75,81,86,179,84,123,154,123,156,10,0,0,2,5,2,4,31,28
"kyoto",35.0119831,135.6761135,44,1968,"1968-04-08",287,243,243,243,243,243,176,167,158,80,31,31,31,6,5,8,0,0,0,0,0,66,74,78,83,179,99,123,154,125,168,15,0,0,0,6,3,2,31,29
"kyoto",35.0119831,135.6761135,44,1969,"1969-04-11",289,242,242,242,242,241,206,200,189,89,31,31,31,11,8,16,0,0,0,0,1,32,40,44,47,179,108,123,154,127,154,6,0,0,0,1,13,14,31,28
"kyoto",35.0119831,135.6761135,44,1970,"1970-04-17",295,242,242,242,242,242,181,170,161,63,31,31,31,5,2,9,0,0,0,0,0,60,71,75,78,179,101,123,154,124,154,8,0,0,0,4,2,5,31,28
"kyoto",35.0119831,135.6761135,44,1971,"1971-04-08",286,242,242,242,242,242,200,195,188,76,31,31,31,7,8,11,0,0,0,0,0,38,47,50,53,179,101,123,154,123,159,11,0,0,0,3,8,9,31,28
"kyoto",35.0119831,135.6761135,44,1972,"1972-04-08",287,243,243,243,243,243,230,220,209,93,31,31,31,10,16,12,0,0,0,0,0,12,22,26,31,179,100,123,154,123,154,4,0,0,0,1,14,12,31,29
"kyoto",35.0119831,135.6761135,44,1973,"1973-04-07",285,242,242,242,242,242,231,225,213,87,31,31,31,12,15,13,0,0,0,0,0,10,17,23,27,179,126,123,154,123,154,2,0,0,0,0,26,14,31,28
"kyoto",35.0119831,135.6761135,44,1974,"1974-04-09",287,242,242,242,242,242,190,176,155,74,31,31,31,4,4,11,0,0,0,0,0,47,63,76,83,179,95,123,154,123,155,9,0,0,0,6,6,10,31,28
"kyoto",35.0119831,135.6761135,44,1975,"1975-04-10",288,242,242,242,241,240,208,199,183,81,31,31,31,5,8,11,0,0,0,1,2,33,41,50,56,179,114,123,154,123,155,6,0,0,0,1,4,7,31,28
"kyoto",35.0119831,135.6761135,44,1976,"1976-04-08",287,243,243,243,243,243,205,197,185,85,31,31,31,11,4,11,0,0,0,0,0,35,45,52,56,179,107,123,154,124,156,8,0,0,0,1,5,12,31,29
"kyoto",35.0119831,135.6761135,44,1977,"1977-04-03",281,242,242,242,240,240,185,181,176,75,31,31,31,5,6,5,0,0,0,2,2,55,61,63,66,179,118,123,154,131,163,14,0,0,0,6,4,4,31,28
"kyoto",35.0119831,135.6761135,44,1978,"1978-04-14",292,242,242,242,242,241,211,195,188,69,31,31,31,12,8,6,0,0,0,0,1,31,45,48,54,179,111,123,154,123,158,6,0,0,0,1,9,7,31,28
"kyoto",35.0119831,135.6761135,44,1979,"1979-04-07",285,242,242,242,242,242,223,213,204,87,31,31,31,11,8,13,0,0,0,0,0,18,24,33,36,179,112,123,154,124,154,3,0,0,0,2,11,24,31,28
"kyoto",35.0119831,135.6761135,44,1980,"1980-04-11",290,243,243,243,243,243,201,190,180,78,31,31,31,8,12,2,0,0,0,0,0,41,52,58,61,179,104,123,154,123,164,11,0,0,0,1,5,6,31,29
"kyoto",35.0119831,135.6761135,44,1981,"1981-04-09",287,242,241,241,241,241,185,176,168,75,31,31,31,8,3,9,0,1,1,1,1,56,61,71,73,179,103,123,154,124,154,9,0,0,0,5,1,5,31,25
"kyoto",35.0119831,135.6761135,44,1982,"1982-04-03",281,242,242,241,241,241,199,191,184,72,31,31,31,5,10,5,0,0,1,1,1,41,48,54,57,179,93,123,154,123,154,7,0,0,0,2,4,9,28,28
"kyoto",35.0119831,135.6761135,44,1983,"1983-04-09",287,242,242,242,242,242,206,196,190,77,31,31,31,6,6,5,0,0,0,0,0,34,44,47,51,179,106,123,154,123,155,5,0,0,0,2,7,4,31,28
"kyoto",35.0119831,135.6761135,44,1984,"1984-04-18",297,243,243,242,240,239,177,160,154,80,31,31,31,7,10,8,0,0,1,2,4,62,80,83,87,179,104,123,154,125,154,11,0,0,0,6,2,5,31,22
"kyoto",35.0119831,135.6761135,44,1985,"1985-04-09",287,242,242,242,241,241,211,199,192,74,31,31,31,12,5,12,0,0,0,1,1,29,41,47,49,179,115,123,154,123,154,5,0,0,0,3,4,14,31,28
"kyoto",35.0119831,135.6761135,44,1986,"1986-04-12",290,242,242,242,242,241,183,174,168,77,31,31,31,10,1,8,0,0,0,0,1,55,65,70,74,179,101,123,154,123,154,11,0,0,0,4,3,2,31,28
"kyoto",35.0119831,135.6761135,44,1987,"1987-04-05",283,242,242,242,242,241,222,214,206,79,31,31,31,13,9,7,0,0,0,0,1,18,25,32,36,179,114,123,154,123,156,7,0,0,0,1,11,18,31,28
"kyoto",35.0119831,135.6761135,44,1988,"1988-04-15",294,243,243,243,243,242,220,204,197,67,31,31,31,4,8,7,0,0,0,0,0,21,33,42,43,179,93,123,154,124,154,3,0,0,0,2,12,7,31,29
"kyoto",35.0119831,135.6761135,44,1989,"1989-04-03",281,242,242,242,242,242,229,212,202,76,31,31,31,5,11,15,0,0,0,0,0,12,30,36,40,179,104,123,154,123,154,3,0,0,0,2,10,12,31,28
"kyoto",35.0119831,135.6761135,44,1990,"1990-03-29",276,233,233,233,233,233,182,177,175,61,31,30,31,6,4,8,0,0,0,0,0,9,14,16,17,179,127,123,155,123,155,4,0,0,0,0,5,3,30,16
"kyoto",35.0119831,135.6761135,44,1991,"1991-04-07",285,220,220,220,220,220,132,125,123,56,28,30,28,4,7,7,0,0,0,0,0,13,19,22,23,179,118,123,154,123,155,6,0,0,0,1,4,2,22,14
"kyoto",35.0119831,135.6761135,44,1992,"1992-04-03",282,223,223,223,223,223,131,123,121,55,22,30,22,6,4,5,0,0,0,0,0,8,14,18,18,179,121,123,154,123,155,1,0,0,0,1,5,3,25,16
"kyoto",35.0119831,135.6761135,44,1993,"1993-04-07",285,217,217,217,217,217,116,109,103,52,20,26,20,5,12,9,0,0,0,0,0,6,14,17,20,179,142,123,154,123,155,2,0,0,0,0,3,4,10,20
"kyoto",35.0119831,135.6761135,44,1994,"1994-04-09",287,237,237,237,237,237,109,101,92,46,30,30,30,8,2,13,0,0,0,0,0,9,17,24,27,179,131,123,154,124,156,2,0,0,0,0,2,2,16,28
"kyoto",35.0119831,135.6761135,44,1995,"1995-04-09",287,219,219,219,219,219,104,97,91,37,30,30,30,5,5,1,0,0,0,0,0,14,21,27,27,179,108,123,154,123,158,3,0,0,0,1,3,2,28,14
"kyoto",35.0119831,135.6761135,44,1996,"1996-04-12",291,219,219,219,216,215,91,86,82,39,23,30,23,5,4,4,0,0,0,3,4,26,31,32,34,179,117,123,155,129,166,3,0,0,0,1,3,2,19,28
"kyoto",35.0119831,135.6761135,44,1997,"1997-04-07",285,231,231,231,231,231,106,96,86,48,30,30,30,5,3,8,0,0,0,0,0,11,20,26,29,179,94,123,154,123,154,2,0,0,0,1,3,2,16,28
"kyoto",35.0119831,135.6761135,44,1998,"1998-04-01",279,222,222,222,222,222,108,102,98,42,24,28,24,4,7,7,0,0,0,0,0,9,16,16,18,179,102,123,154,125,156,2,0,0,0,1,3,2,10,23
"kyoto",35.0119831,135.6761135,44,1999,"1999-04-04",282,222,222,222,222,221,109,106,100,99,31,28,31,4,19,16,0,0,0,0,1,9,11,15,17,179,131,123,155,124,154,2,0,0,0,0,2,2,15,18
"kyoto",35.0119831,135.6761135,44,2000,"2000-04-09",288,228,228,228,228,228,97,94,89,84,30,28,30,7,9,18,0,0,0,0,0,17,25,27,29,179,112,123,154,124,158,3,0,0,0,1,1,3,11,15
"kyoto",35.0119831,135.6761135,44,2001,"2001-04-06",284,229,229,229,229,229,108,100,92,90,29,28,29,13,18,14,0,0,0,0,0,17,26,30,33,179,105,123,154,124,157,4,0,0,0,1,2,2,11,17
"kyoto",35.0119831,135.6761135,44,2002,"2002-04-01",279,203,203,203,203,203,83,79,75,74,31,29,31,12,17,12,0,0,0,0,0,13,19,23,24,179,114,124,154,123,155,1,0,0,0,1,2,2,24,28
"kyoto",35.0119831,135.6761135,44,2003,"2003-04-08",286,232,232,232,232,231,105,98,84,60,31,28,31,8,7,4,0,0,0,0,1,14,22,31,35,179,106,123,154,124,155,4,0,0,0,1,3,2,18,22
"kyoto",35.0119831,135.6761135,44,2004,"2004-04-01",280,239,239,239,239,238,110,106,98,56,31,31,31,8,3,7,0,0,0,0,1,18,22,25,30,179,111,123,155,124,155,3,0,0,0,3,2,4,31,28
"kyoto",35.0119831,135.6761135,44,2005,"2005-04-09",287,117,117,117,117,117,62,62,61,40,28,31,28,8,5,8.5,0,0,0,0,0,0,0,1,1,179,119.5,123,154.5,124,155,0,0,0,0,0,2,4,31,24.5
"kyoto",35.0119831,135.6761135,44,2006,"2006-04-08",286,115,115,115,115,115,42,37,34,45,29,31,29,9,7,10,0,0,0,0,0,18,24,26,28,179,128,123,154,124,155,3,0,0,0,0,2,4,31,21
"kyoto",35.0119831,135.6761135,44,2007,"2007-04-07",285,237,237,237,237,237,119,113,108,69,30,30,30,10,7,8,0,0,0,0,0,8,16,19,21,179,123,123,154,127,159,1,0,0,0,0,3,3,17,16
"kyoto",35.0119831,135.6761135,44,2008,"2008-04-04",283,241,241,241,241,240,127,118,115,87,30,30,30,12,11,11,0,0,0,0,1,13,21,25,27,179,123,123,154,125,154,2,0,0,0,0,4,2,16,29
"kyoto",35.0119831,135.6761135,44,2009,"2009-04-05",283,234,234,234,234,234,120,117,113,85,31,31,31,8,11,14,0,0,0,0,0,12,15,16,19,179,99,123,154,123,154,2,0,0,0,2,3,3,31,9
"kyoto",35.0119831,135.6761135,44,2010,"2010-04-05",283,232,232,232,232,232,103,97,92,83,31,29,31,10,6,9,0,0,0,0,0,15,21,24,26,179,111,123,154,124,160,2,0,0,0,1,2,4,13,20
"kyoto",35.0119831,135.6761135,44,2011,"2011-04-09",287,219,219,219,218,218,111,101,94,58,30,25,30,7,3,6,0,0,0,1,1,24,35,41,43,179,108,123,154,136,157,3,0,0,0,1,2,3,8,18
"kyoto",35.0119831,135.6761135,44,2012,"2012-04-10",289,220,220,220,220,219,105,97,92,77,30,31,30,2,7,11,0,0,0,0,1,21,28,33,34,179,115,123,154,123,158,4,0,0,0,1,2,2,31,29
"kyoto",35.0119831,135.6761135,44,2013,"2013-04-03",281,216,216,216,216,216,97,89,86,74,24,28,24,11,5,11,0,0,0,0,0,27,34,37,38,179,99,123,154,131,154,2,0,0,0,2,1,3,22,24
"kyoto",35.0119831,135.6761135,44,2014,"2014-04-04",282,238,238,238,238,238,117,112,110,74,31,29,31,9,7,8,0,0,0,0,0,17,25,26,27,179,121,123,154,123,154,2,0,0,0,1,2,3,21,14
"kyoto",35.0119831,135.6761135,44,2015,"2015-04-03",281,241,241,241,241,241,114,110,104,96,31,31,31,12,16,13,0,0,0,0,0,11,16,18,21,179,109,123,154,127,155,2,0,0,0,1,3,3,31,28
"kyoto",35.0119831,135.6761135,44,2016,"2016-04-04",283,235,235,235,235,234,117,114,105,64,30,28,30,7,5,6,0,0,0,0,1,8,11,16,20,179,147,123,154,124,155,2,0,0,0,0,5,3,17,29
"kyoto",35.0119831,135.6761135,44,2017,"2017-04-09",287,239,239,239,239,239,110,104,99,83,30,31,30,11,8,10,0,0,0,0,0,9,16,19,21,179,137,123,154,124,155,2,0,0,0,0,3,2,31,28
"kyoto",35.0119831,135.6761135,44,2018,"2018-03-30",277,235,235,235,235,235,113,107,102,71,31,30,31,6,9,3,0,0,0,0,0,16,22,23,27,179,109,123,154,123,155,2,0,0,0,1,3,2,22,28
"kyoto",35.0119831,135.6761135,44,2019,"2019-04-05",283,235,235,235,235,235,121,119,108,78,31,31,31,11,6,8,0,0,0,0,0,3,7,12,15,179,132,123,154,123,155,1,0,0,0,0,2,2,31,15
"kyoto",35.0119831,135.6761135,44,2020,"2020-04-01",280,234,234,234,234,234,116,114,114,75,30,29,30,9,11,8,0,0,0,0,0,2,4,4,4,179,160,123,154,124,155,1,0,0,0,0,3,2,19,29
"kyoto",35.0119831,135.6761135,44,2021,"2021-03-26",273,215,215,215,215,215,99,95,91,55,19,24,19,0,7,5,0,0,0,0,0,8,13,13,17,179,131,130,154,136,154,3,0,0,0,0,2,2,24,9
